"id","first_name","last_name","parent_id","created"
5,Danny,Cater,,"2025-01-07 22:50:16.357779"
6,Lanoire,Jenkins,,"2025-01-07 22:50:31.784045"
7,Manfred,Corrio,,"2025-01-07 22:50:51.421589"
8,Katie,Richards,,"2025-01-07 22:51:06.483623"
9,John,Benton,,"2025-01-07 22:51:18.480416"
10,Fred,Saltee,,"2025-01-07 22:51:28.367625"
11,Lance,Comway,,"2025-01-07 22:51:39.286946"
12,Nora,Jenkins,,"2025-01-07 22:51:50.527782"
13,Sven,Kulmbach,,"2025-01-07 22:52:06.123665"
14,Thomas,Kreuzer,,"2025-01-07 22:52:16.733877"
15,Jessica,Meropide,,"2025-01-07 22:52:26.468492"
16,Brenda,Wolsey,,"2025-01-07 22:52:34.690593"
17,Marcus,Earnshaw,,"2025-01-07 22:52:42.899459"
18,Jill,Inex,,"2025-01-07 22:52:51.793999"
19,Scott,Powder,,"2025-01-07 22:52:59.256311"
20,Shina,Modjo,,"2025-01-07 22:53:08.614049"
21,Zora,Ix,,"2025-01-07 22:53:14.739294"
22,Sansa,Kantini,,"2025-01-07 22:53:21.811209"
23,Anthony,Malar,,"2025-01-07 22:53:30.111626"
24,Blanche,Juvelo,,"2025-01-07 22:53:39.821859"
25,Sasha,Angler,,"2025-01-07 22:53:46.435937"
26,Wang,Yilong,,"2025-01-07 22:53:54.060943"
27,Albert,Rivendell,,"2025-01-07 22:54:00.705892"
28,Ivy,Douer,,"2025-01-07 22:54:06.211326"
29,Robin,Shanner,,"2025-01-07 22:54:12.347131"
30,Gerald,Chival,,"2025-01-07 22:54:19.367696"
31,Jean,Tluson,,"2025-01-07 22:54:27.553203"
32,Natalie,Alliere,,"2025-01-07 22:54:37.963490"
33,Akira,Ichigo,,"2025-01-11 10:46:46.220751"
34,Rana,Chauduri,,"2025-01-11 11:00:04.577859"
35,Walter,Iso,,"2025-01-12 17:38:47.463042"
36,Albert,Werde,,"2025-01-17 22:46:01.017016"
37,Sabine,Hexor,,"2025-01-17 22:46:28.249155"
38,Mona,Asym,,"2025-01-17 22:46:51.233027"
39,Robert,Codesworth,,"2025-01-17 22:47:16.472273"
40,Anna,Heapton,,"2025-01-17 22:47:38.649716"
41,Emily,Pascal,,"2025-01-17 22:48:01.727023"
42,Mike,Rust,,"2025-01-17 22:48:15.639261"
43,Yoko,Amei,,"2025-01-17 22:48:28.944363"
44,Adam,Lisp,,"2025-01-17 22:48:38.335868"
45,Alice,Meiling,,"2025-01-17 22:48:52.712076"
46,Luca,Haskel,,"2025-01-17 22:49:14.240516"
47,Nora,Stackham,,"2025-01-17 22:49:28.870750"
48,Garry,Techton,,"2025-01-17 22:49:38.695697"
49,Yang,Meiji,,"2025-01-17 22:49:50.423389"
50,Toby,Parser,,"2025-01-17 22:50:01.519591"
51,Amy,Rhinestein,,"2025-01-17 22:50:20.127151"
52,Adam,Cronsky,,"2025-01-17 22:50:34.575211"
53,Fabian,Svelt,,"2025-01-25 11:16:55.398964"
54,Lars,Cyper,,"2025-01-25 11:17:11.925589"
55,Rebecca,Gradell,,"2025-01-25 11:17:31.237067"
56,Boris,Yarnsson,,"2025-01-25 11:17:42.804227"
57,Esteban,Pikario,,"2025-01-25 11:57:00.964164"
58,Ruby,Geck,,"2025-02-01 12:40:58.580724"
59,Tobias,Thyme,,"2025-02-01 12:41:10.021818"
60,Tina,Cernton,,"2025-02-01 12:41:26.069082"
61,Gerhart,Tuer,,"2025-02-01 12:41:38.543434"
62,Erwin,Knapp,,"2025-02-01 12:41:58.372950"
63,Frank,Univac,,"2025-02-01 12:42:16.463485"
64,Jill,Eniac,,"2025-02-01 12:42:50.110390"
65,Juri,Mips,,"2025-02-20 18:32:56.442819"
66,Jenny,Flops,,"2025-02-20 18:33:06.687844"
67,Sara,Flyger,,"2025-02-20 18:33:19.310954"
68,Charles,Ether,,"2025-02-20 18:33:33.232849"
69,Philip,Esby,,"2025-05-25 13:02:37.843888"
70,Henrik,Patterton,,"2025-05-25 13:02:52.823153"
71,Amy,Linter,,"2025-05-25 13:03:01.546991"
72,Jamil,Cortex,,"2025-05-25 13:03:11.659359"
73,Uman,Latech,,"2025-05-25 13:06:28.039237"
74,Zack,Ignite,,"2025-05-25 13:06:34.899191"
75,DÃ©lia,Flaminio,,"2025-06-03 18:29:13.944875"
76,Aaron,Isidore,,"2025-06-03 18:29:42.790476"
77,Nico,Herbst,,"2025-06-03 21:54:41.299454"
78,Rudolph,Eniac,,"2025-06-03 21:55:31.395066"
79,Timo,Glenn,,"2025-06-10 21:44:47.059430"
80,Theodore,Marley,,"2025-06-10 21:44:59.235131"
81,Ruby,Scott,,"2025-06-10 21:45:26.785598"
82,Ali,Farazan,,"2025-06-10 21:46:38.096206"
83,Alice,Hex,,"2025-06-10 21:46:46.371801"
84,Alan,Kreide,,"2025-06-10 21:47:08.881173"
85,Emilio,Pandera,,"2025-06-10 21:47:20.916197"
86,Stephan,Yapph,,"2025-06-10 21:47:48.689610"
87,Tony,Uvix,,"2025-06-10 21:47:59.920557"
88,Chateline,Ruff,,"2025-06-10 21:48:17.412526"
89,Yori,Uchiyama,,"2025-06-14 12:51:58.333258"
90,Fabian,Lorem,,"2025-06-14 12:52:08.692754"
91,Loid,Sylvan,,"2025-06-14 12:52:20.275726"
92,Sylvia,Vhercell,,"2025-06-14 12:52:35.014677"
93,Fida,Shihaya,,"2025-06-14 12:52:46.172603"
94,Hans,Vertix,,"2025-06-14 12:52:57.693780"
95,Yami,Sayadi,,"2025-06-14 12:53:10.915752"
96,Robin,Renkazar,,"2025-06-17 21:14:59.604454"
97,Marvin,Lodiris,,"2025-06-17 21:15:47.822922"
98,Jarvis,Dolthrin,,"2025-06-17 21:16:19.615994"
99,Zack,Luthis,,"2025-06-17 21:16:30.947220"
100,Bob,Dilmun,,"2025-06-17 21:16:49.373277"
101,Amy,Fischer,,"2025-06-17 21:17:10.383775"
102,Steve,Tilman,,"2025-06-17 21:17:29.211447"
